,Manufacturer,Model,Category,Leather interior,Fuel type,Gear box type,Drive wheels,Wheel,Color,Price,Levy,Engine volume,Mileage,Cylinders,Airbags,Age
15,30,23,3,1,3,0,1,0,14,549,1079.0,2.0,74146,4.0,12,5
36,30,24,3,0,3,2,1,0,11,51746,1077.0,2.0,10200,4.0,12,4
56,19,80,3,1,3,2,0,0,7,87112,0.0,2.0,5323,4.0,0,4
59,4,53,7,0,3,0,1,0,11,23521,781.0,1.4,22000,4.0,6,5
81,30,180,7,1,3,0,1,0,14,7527,830.0,1.5,27656,4.0,12,4
145,30,30,7,1,1,0,1,0,14,18817,609.0,2.5,35058,4.0,12,5
159,16,113,3,1,3,2,1,0,1,72130,1079.0,2.0,18918,4.0,6,5
162,30,157,7,1,3,0,1,0,7,21012,1823.0,3.5,27358,6.0,12,5
170,18,0,3,1,3,0,0,0,1,470,1077.0,2.0,11566,4.0,12,4
171,0,7,0,1,3,2,2,1,2,1300,0.0,0.5,4000,1.0,0,5
189,30,33,7,1,3,2,1,0,2,56450,0.0,2.5,25000,4.0,12,5
205,24,36,7,1,3,0,0,0,14,3058,1872.0,3.6,28968,6.0,12,5
261,10,163,3,1,0,0,1,0,14,59865,879.0,1.6,13000,4.0,4,4
263,10,90,8,1,0,0,1,0,15,68223,1327.0,2.5,27406,4.0,4,5
278,10,163,3,1,0,0,1,0,14,49858,1077.0,2.0,48000,4.0,4,4
299,30,23,3,0,3,0,1,0,7,28225,1079.0,2.0,24000,4.0,8,5
308,10,61,7,1,2,0,1,0,14,36426,880.0,1.6,35643,4.0,4,5
320,10,149,7,1,3,0,1,0,14,2901,1277.0,2.4,45494,4.0,12,5
349,30,23,3,1,3,0,1,0,2,627,1077.0,2.0,24339,4.0,12,4
370,10,163,3,1,0,0,1,0,1,55823,930.0,1.7,38577,4.0,4,5
416,4,51,7,0,3,0,1,0,3,21169,781.0,1.4,25304,4.0,8,5
424,19,82,7,1,3,2,2,0,1,84675,0.0,2.0,4500,6.0,12,5
437,10,90,5,1,0,0,1,0,1,80911,1325.0,2.5,25541,4.0,4,4
441,4,51,7,1,0,0,1,0,7,7213,880.0,1.6,28515,4.0,12,5
445,10,163,3,1,0,0,1,0,2,61499,1077.0,2.0,1217,4.0,4,4
460,10,61,7,1,3,0,1,0,1,627,1079.0,2.0,47294,4.0,12,5
481,30,105,3,1,3,0,0,0,14,300,0.0,2.7,120,4.0,10,4
498,30,30,7,1,1,0,1,0,14,18817,609.0,2.5,35058,4.0,12,5
548,30,23,3,1,3,0,1,0,14,17876,1077.0,2.0,19968,4.0,12,4
560,9,41,7,1,3,0,1,0,14,38213,1079.0,2.0,0,4.0,4,5
633,30,30,7,0,1,2,1,0,7,71503,607.0,2.5,3000,4.0,8,4
650,30,30,7,1,3,2,1,0,14,87497,0.0,2.5,25000,4.0,12,4
694,10,61,7,1,3,0,1,0,1,5488,1077.0,2.0,29496,4.0,12,4
720,7,72,7,1,3,0,1,0,1,1333,1079.0,2.0,107664,4.0,12,5
732,30,32,7,1,3,2,1,0,1,53000,1325.0,2.5,500,4.0,12,4
745,30,45,7,1,3,0,1,0,14,2822,978.0,1.8,39254,4.0,12,4
829,22,176,6,1,3,0,0,0,1,30000,0.0,2.5,18794,12.0,12,5
833,9,14,0,1,3,0,1,0,1,2587,830.0,1.5,16666,4.0,12,4
839,30,18,2,1,3,0,1,0,6,57030,831.0,1.5,5000,4.0,4,5
845,30,23,3,1,3,0,1,0,7,2195,1079.0,2.0,22816,4.0,12,5
865,4,51,7,0,3,0,1,0,14,16935,781.0,1.4,15333,4.0,8,5
890,30,30,7,1,1,0,1,0,1,251,607.0,2.5,39552,4.0,12,4
906,10,163,3,1,0,0,1,0,1,58507,930.0,1.7,29709,4.0,4,5
914,30,30,7,1,1,0,1,0,1,251,607.0,2.5,39552,4.0,12,4
922,1,1,7,1,3,0,0,0,14,10192,1079.0,2.0,38282,4.0,12,5
929,9,41,7,1,3,0,1,0,1,56509,1079.0,2.0,17741,4.0,4,5
934,30,30,7,1,1,0,1,0,1,3450,607.0,2.5,9626,4.0,12,4
956,13,152,7,1,3,0,0,0,12,12074,1273.0,2.4,2741,4.0,12,3
979,30,30,7,1,3,0,1,0,14,39829,1323.0,2.5,4130,4.0,12,3
1009,30,126,7,1,1,0,1,0,1,9879,463.0,1.8,0,4.0,12,5
1027,30,105,3,1,0,0,0,0,1,131716,0.0,3.0,59826,4.0,12,5
1043,10,183,3,0,3,2,1,0,14,45473,0.0,2.0,1300,4.0,8,5
1045,30,23,3,1,3,0,1,0,14,9722,1079.0,2.0,38712,4.0,12,5
1058,30,30,7,1,3,2,1,0,1,45473,1325.0,2.5,17300,4.0,12,4
1078,12,89,7,1,3,0,1,0,7,392,1872.0,3.6,30606,6.0,12,5
1087,10,61,7,1,3,0,1,0,7,11133,1079.0,2.0,40122,4.0,12,5
1115,4,51,7,1,3,0,1,0,1,627,780.0,1.4,16042,4.0,12,4
1157,12,40,7,1,3,0,1,0,7,627,1275.0,2.4,61998,4.0,12,4
1172,30,130,3,1,3,0,1,0,7,392,1327.0,2.5,20267,4.0,12,5
1183,10,61,7,1,3,0,1,0,14,37066,880.0,1.6,20388,4.0,4,5
1218,10,149,7,1,3,0,1,0,14,73620,1079.0,2.0,51106,4.0,4,5
1222,13,38,8,0,3,0,1,0,14,51746,0.0,1.6,4000,4.0,5,4
1225,19,79,3,1,3,2,0,0,1,627220,0.0,6.3,0,8.0,12,3
1231,21,120,3,1,1,0,0,0,1,21953,505.0,2.0,59674,4.0,12,5
1232,10,61,7,1,3,0,1,0,12,29793,1077.0,2.0,33693,4.0,12,4
1244,30,23,3,1,3,0,1,0,11,5488,1077.0,2.0,78424,4.0,12,4
1248,30,23,3,1,3,0,1,0,2,188,1077.0,2.0,10003,4.0,12,4
1251,10,61,7,1,3,0,1,0,7,34406,880.0,1.6,36470,4.0,4,5
1278,30,30,7,1,3,0,1,0,1,51746,1327.0,2.5,17000,6.0,12,5
1299,10,149,7,1,3,0,1,0,1,67404,1079.0,2.0,40808,4.0,4,5
1314,8,182,7,1,3,0,1,0,14,35752,3156.0,6.2,11325,8.0,12,4
1316,9,41,2,1,3,0,1,0,1,74796,830.0,1.5,12000,4.0,4,4
1317,4,53,7,0,3,0,1,0,12,16151,781.0,1.4,33548,4.0,8,5
1338,30,23,3,1,3,0,1,0,2,627,1077.0,2.0,24339,4.0,12,4
1401,10,143,3,1,3,0,1,0,14,131308,1968.0,3.8,21281,4.0,4,4
1474,10,61,7,1,3,0,1,0,7,282,1079.0,2.0,17254,4.0,12,5
1475,10,61,7,1,3,0,1,0,1,2979,1079.0,2.0,63195,4.0,12,5
1483,9,41,7,1,3,0,1,0,7,34635,1077.0,2.0,2927,4.0,4,4
1573,13,152,3,1,3,2,0,0,7,87497,0.0,2.4,0,4.0,6,4
1582,10,149,7,1,3,0,1,0,7,64463,880.0,1.6,5187,4.0,4,5
1602,10,143,7,1,3,0,1,0,2,11133,1277.0,2.4,56150,4.0,12,5
1609,21,124,3,1,3,2,0,0,14,112900,0.0,3.0,6000,6.0,10,4
1624,9,41,0,1,3,0,1,0,1,34889,831.0,1.5,16125,4.0,4,5
1626,10,143,3,1,3,0,1,0,7,96915,1076.0,2.0,21,4.0,4,3
1702,26,15,3,1,3,0,1,0,14,41281,880.0,1.6,52349,4.0,4,5
1726,10,143,3,1,0,0,1,0,14,53031,1079.0,2.0,102934,4.0,4,5
1734,5,21,7,1,3,0,1,0,7,12074,1869.0,3.6,32453,6.0,12,4
1740,10,143,3,1,0,0,1,0,14,96071,1178.0,2.2,5964,4.0,4,5
1763,19,83,3,1,3,0,2,0,14,29793,1823.0,3.5,9765,6.0,12,5
1792,30,23,3,1,3,0,1,0,11,6272,1079.0,2.0,18754,4.0,12,5
1849,16,57,7,1,1,0,1,0,1,549,607.0,2.5,13362,4.0,12,4
1876,7,72,7,1,3,0,1,0,1,1333,1079.0,2.0,107664,4.0,12,5
1909,30,32,7,1,3,0,1,0,1,38260,1327.0,2.5,41068,4.0,10,5
1918,18,0,3,1,3,0,0,0,7,37633,1327.0,2.5,42246,4.0,0,5
1939,30,23,3,1,3,0,1,0,7,784,1079.0,2.0,25850,4.0,12,5
1956,10,149,7,1,3,0,1,0,14,69502,1079.0,2.0,75938,4.0,4,5
1996,4,93,7,1,3,0,1,0,12,3450,1869.0,3.6,18438,6.0,12,4
2010,29,111,7,1,3,0,0,0,12,53941,87.0,0.0,81907,6.0,12,5
2029,10,61,7,1,3,0,1,0,7,32929,880.0,1.6,54865,4.0,4,5
2035,30,30,7,1,3,0,1,0,1,5802,1327.0,2.5,54786,4.0,0,5
2067,4,51,7,1,3,0,1,0,7,2979,780.0,1.4,78771,4.0,12,4
2107,10,61,7,1,3,0,1,0,14,30931,880.0,1.6,35798,4.0,4,5
2108,10,61,7,1,3,0,1,0,7,36401,880.0,1.6,71551,4.0,4,5
2130,3,16,7,1,3,0,0,0,12,19130,1869.0,3.6,41198,6.0,12,4
2133,13,152,7,1,3,0,1,0,1,8311,1273.0,2.4,17466,4.0,12,3
2208,9,69,2,0,3,0,1,0,15,27284,830.0,1.5,1500,4.0,6,4
2266,30,23,3,1,3,0,1,0,7,2195,1079.0,2.0,22816,4.0,12,5
2299,10,61,7,1,2,0,1,0,12,36137,880.0,1.6,47181,4.0,4,5
2351,30,30,7,1,3,0,1,0,14,220,1327.0,2.5,60915,4.0,12,5
2353,19,174,6,1,0,0,0,0,12,116036,1325.0,2.5,102,4.0,12,4
2361,30,30,7,1,1,0,1,0,1,3450,607.0,2.5,9626,4.0,12,4
2367,4,172,7,1,1,0,1,0,1,18817,400.0,1.5,70720,4.0,12,5
2368,30,23,3,1,3,0,1,0,12,21012,1077.0,2.0,19834,4.0,12,4
2369,10,143,7,1,3,0,1,0,1,11290,1277.0,2.4,10990,4.0,12,5
2372,10,90,4,1,0,0,1,0,14,83107,1325.0,2.5,21442,4.0,4,4
2394,30,30,7,1,1,0,1,0,1,9722,609.0,2.5,127515,4.0,12,5
2448,30,30,7,1,1,0,1,0,1,251,607.0,2.5,39552,4.0,12,4
2454,18,29,7,1,3,0,1,0,7,35438,1325.0,2.5,11746,4.0,12,4
2462,30,23,3,0,3,2,1,0,13,43905,0.0,2.0,23400,4.0,12,5
2491,7,76,3,1,1,0,1,0,7,5802,505.0,2.0,53013,4.0,12,5
2500,30,23,3,1,3,0,1,0,11,6272,1079.0,2.0,18754,4.0,12,5
2520,9,75,5,1,3,0,1,1,7,21000,2265.0,1.5,6800,4.0,2,4
2645,30,157,7,1,3,0,2,0,12,31047,1820.0,3.5,17542,6.0,12,4
2695,30,30,7,1,1,0,1,0,1,9722,609.0,2.5,127515,4.0,12,5
2696,10,61,7,1,3,0,1,0,14,27924,880.0,1.6,53000,4.0,4,5
2713,4,2,7,1,3,0,1,0,1,4077,780.0,1.4,1232,4.0,12,4
2768,30,103,3,1,0,0,0,0,14,172486,0.0,4.7,13000,12.0,16,5
2776,30,30,3,1,1,0,1,0,1,251,607.0,2.5,56834,4.0,12,4
2791,10,143,7,1,3,0,1,0,7,8781,1275.0,2.4,46264,4.0,12,4
2800,10,61,7,1,3,0,1,0,14,37066,880.0,1.6,20388,4.0,4,5
2820,10,13,7,1,1,0,1,0,1,314,420.0,1.6,14587,4.0,12,4
2827,4,51,7,1,3,0,1,0,1,941,781.0,1.4,39466,4.0,12,5
2834,30,32,7,1,3,0,1,0,1,42808,1327.0,2.5,24382,4.0,8,5
2863,10,61,7,1,3,0,1,0,2,1568,1079.0,2.0,61795,4.0,12,5
2875,30,30,7,1,1,0,1,0,14,18817,609.0,2.5,35058,4.0,12,5
2876,30,23,3,1,3,0,1,0,7,2587,1079.0,2.0,16213,4.0,12,5
2877,30,23,3,1,3,0,1,0,2,627,1077.0,2.0,24339,4.0,12,4
2950,4,51,7,1,3,0,1,0,7,4704,781.0,1.4,41822,4.0,12,5
2996,10,163,3,1,3,0,1,0,14,57842,879.0,1.6,32724,4.0,4,4
3046,30,30,7,1,3,0,1,0,3,470,1327.0,2.5,44845,4.0,12,5
3062,4,108,0,1,3,0,1,0,1,5018,830.0,1.5,8710,4.0,12,4
3067,10,61,7,1,0,0,1,0,14,30038,880.0,1.6,60000,4.0,4,5
3068,30,30,7,1,3,0,1,0,12,16308,1327.0,2.5,45371,4.0,12,5
3096,4,51,7,1,3,0,1,0,7,549,780.0,1.4,14074,4.0,12,4
3147,30,23,0,1,3,0,1,0,14,6586,1077.0,2.0,5219,4.0,12,4
3149,30,130,3,0,3,2,0,0,7,58018,0.0,2.5,1358,4.0,12,5
3159,30,30,7,1,1,0,1,0,1,61154,609.0,2.5,32000,4.0,12,5
3216,9,41,8,1,3,0,1,0,1,124989,1077.0,2.0,5492,4.0,4,4
3249,30,30,7,1,1,0,1,0,1,251,607.0,2.5,39552,4.0,12,4
3283,30,30,7,1,1,0,1,0,14,18817,609.0,2.5,35058,4.0,12,5
3314,16,58,7,1,3,0,1,0,14,10349,1820.0,3.5,13147,6.0,12,4
3319,10,149,7,1,3,0,1,0,7,55932,1079.0,2.0,50310,4.0,4,5
3352,30,30,7,1,1,0,1,0,1,9722,609.0,2.5,127515,4.0,12,5
3409,10,61,7,1,3,0,1,0,2,33076,880.0,1.6,41523,4.0,4,5
3446,10,163,3,1,0,0,1,0,7,54346,1079.0,2.0,46503,4.0,4,5
3450,13,142,7,1,3,0,1,0,14,549,1079.0,2.0,91283,4.0,12,5
3465,9,75,5,0,1,0,1,1,2,16000,2266.0,1.5,0,4.0,2,5
3501,30,30,7,1,1,0,1,0,1,251,607.0,2.5,39552,4.0,12,4
3530,30,30,7,1,3,0,1,0,1,65858,1325.0,2.5,7000,4.0,10,4
3556,30,105,3,0,0,0,0,0,14,250,0.0,3.0,33000,6.0,12,4
3560,4,172,7,1,1,0,1,0,12,941,400.0,1.5,43128,4.0,12,5
3602,26,15,3,1,0,0,1,0,2,43868,880.0,1.6,200401,4.0,4,5
3628,10,163,3,1,0,0,1,0,7,59006,1077.0,2.0,14000,4.0,4,4
3638,30,181,7,1,3,0,1,0,7,21012,831.0,1.5,20549,4.0,10,5
3641,10,143,3,1,0,0,1,0,14,96749,1076.0,2.0,9146,4.0,4,3
3674,22,145,7,1,3,0,1,0,1,1490,980.0,1.8,11469,4.0,12,5
3690,12,89,7,1,3,0,2,0,14,23834,1869.0,3.6,14096,6.0,12,4
3739,18,10,3,1,3,0,1,0,14,3136,1327.0,2.5,67066,4.0,12,5
3759,30,30,7,1,1,0,1,0,1,3450,607.0,2.5,9626,4.0,12,4
3804,30,130,3,0,3,2,0,0,14,160,1079.0,2.0,25000,4.0,12,5
3813,9,41,7,1,3,0,1,0,7,54850,831.0,1.5,13048,4.0,4,5
3818,10,143,3,1,0,0,1,0,7,67981,1077.0,2.0,10120,4.0,4,4
3826,10,61,7,1,2,0,1,0,12,36137,880.0,1.6,47181,4.0,4,5
3857,10,149,7,1,3,0,1,0,2,10976,1275.0,2.4,29419,4.0,12,4
3884,27,74,3,0,3,0,0,0,2,30107,1327.0,2.5,80000,4.0,12,5
3887,30,30,3,1,3,0,1,0,12,549,1327.0,2.5,23333,4.0,12,5
3900,30,23,3,0,3,0,1,0,7,36065,1079.0,2.0,37214,4.0,10,5
3904,30,30,7,1,1,0,1,0,14,18817,609.0,2.5,35058,4.0,12,5
3923,10,143,3,1,0,0,1,0,2,64002,1079.0,2.0,41778,4.0,4,5
3940,10,163,3,1,0,0,1,0,1,56513,930.0,1.7,41500,4.0,4,5
3950,30,30,7,1,3,0,1,0,1,53314,1327.0,2.5,6800,6.0,8,5
3983,30,23,3,1,3,0,1,0,7,2587,1079.0,2.0,16213,4.0,12,5
3997,10,143,3,1,0,0,1,0,14,97401,1077.0,2.0,14489,4.0,4,4
4044,19,87,3,1,3,2,0,0,1,156805,0.0,3.0,31000,6.0,0,5
4049,30,157,7,1,3,0,0,0,1,31675,1817.0,3.5,1669,6.0,12,3
4067,30,30,7,1,1,0,1,0,1,3450,607.0,2.5,9626,4.0,12,4
4077,10,143,3,1,0,0,1,0,7,90919,1076.0,2.0,6631,4.0,4,3
4095,4,52,7,0,3,0,1,0,1,16621,781.0,1.4,12532,4.0,8,5
4119,30,105,3,0,0,0,0,0,7,250,0.0,3.0,36000,6.0,12,4
4125,30,30,7,0,3,2,1,0,3,23521,1325.0,2.5,22400,6.0,10,4
4128,3,27,7,1,3,0,0,0,1,4391,1077.0,2.0,21659,4.0,12,4
4133,10,143,3,1,0,0,1,0,2,56513,1079.0,2.0,61640,4.0,4,5
4180,9,69,2,0,3,0,1,1,1,12500,1974.0,1.3,6000,4.0,2,4
4208,10,90,8,1,2,0,1,0,15,66197,1327.0,2.5,20930,4.0,4,5
4213,10,163,3,1,3,0,1,0,2,61521,880.0,1.6,14661,4.0,4,5
4266,30,30,7,1,1,0,1,0,14,18817,609.0,2.5,35058,4.0,12,5
4272,30,30,7,1,1,0,1,0,14,18817,609.0,2.5,35058,4.0,12,5
4314,4,64,3,0,3,0,0,0,1,22580,830.0,1.5,5124,4.0,10,4
4316,22,17,7,1,3,0,1,0,7,21326,1325.0,2.5,30296,4.0,12,4
4323,30,30,7,1,3,2,1,0,1,32929,1327.0,2.5,19000,4.0,11,5
4344,9,69,2,0,3,0,0,1,1,20000,1974.0,1.3,3800,4.0,4,4
4354,30,30,7,1,3,0,1,0,1,549,1325.0,2.5,35541,4.0,12,4
4360,30,30,7,1,1,0,1,0,1,251,607.0,2.5,39552,4.0,12,4
4372,30,147,5,0,3,0,1,1,14,15000,1539.0,1.0,0,3.0,4,5
4379,30,30,7,1,3,0,1,0,3,470,1327.0,2.5,44845,4.0,12,5
4413,4,51,2,1,3,2,1,0,14,28100,781.0,1.4,21000,4.0,10,5
4424,30,23,3,1,3,0,1,0,11,13172,1077.0,2.0,24302,4.0,12,4
4442,0,128,3,1,3,0,0,0,12,37947,1575.0,3.0,49122,6.0,12,5
4459,10,149,7,1,3,0,1,0,2,4077,1277.0,2.4,67165,4.0,12,5
4468,30,18,8,1,1,0,1,0,2,41867,400.0,1.5,35039,4.0,4,5
4500,30,30,7,1,1,0,1,0,1,251,607.0,2.5,39552,4.0,12,4
4501,30,30,7,1,1,0,1,0,1,9722,609.0,2.5,127515,4.0,12,5
4502,30,18,2,1,3,0,1,0,2,42538,831.0,1.5,2000,4.0,4,5
4515,30,23,3,1,3,0,1,0,7,549,1077.0,2.0,39221,4.0,12,4
4520,10,143,3,1,0,0,1,0,7,73714,1077.0,2.0,43598,4.0,4,4
4522,10,143,7,1,3,0,0,0,14,11290,1277.0,2.4,44240,4.0,12,5
4581,30,105,3,0,0,0,0,0,7,250,0.0,3.0,32000,6.0,12,4
4589,30,157,7,1,3,0,0,0,1,26971,1820.0,3.5,18555,6.0,12,4
4590,10,143,3,1,0,0,1,0,14,88438,1076.0,2.0,120,4.0,4,3
4602,10,95,2,1,1,0,1,0,7,3763,420.0,1.6,29450,4.0,12,4
4663,10,61,7,1,3,0,1,0,14,33575,880.0,1.6,53871,4.0,4,5
4680,30,39,3,1,3,0,1,0,12,470,1077.0,2.0,10610,4.0,12,4
4688,10,149,7,1,3,0,1,0,14,73034,1079.0,2.0,41895,4.0,4,5
4734,4,118,3,1,2,0,1,0,12,47408,1079.0,2.0,33000,4.0,4,5
4834,30,23,3,1,3,0,1,0,11,1568,1077.0,2.0,10526,4.0,12,4
4900,4,108,7,1,3,0,1,0,7,63826,1077.0,2.0,9101,4.0,4,4
4902,10,143,7,1,3,0,0,0,1,549,1277.0,2.4,46853,4.0,12,5
4919,19,26,7,1,3,0,2,0,1,121524,3057.0,6.0,0,12.0,12,4
5087,30,30,7,1,1,0,1,0,1,251,607.0,2.5,39552,4.0,12,4
5108,9,69,2,1,1,0,1,0,1,26720,399.0,1.5,2336,4.0,4,4
5150,30,23,3,1,3,0,1,0,12,470,1077.0,2.0,65362,4.0,12,4
5159,10,61,7,1,3,0,1,0,7,32929,880.0,1.6,54865,4.0,4,5
5161,30,23,3,1,3,0,1,0,7,19444,1079.0,2.0,40272,4.0,12,5
5171,10,143,3,1,0,0,1,0,1,75793,1077.0,2.0,21680,4.0,4,4
5224,30,30,7,1,1,0,1,0,1,9722,609.0,2.5,127515,4.0,12,5
5252,4,93,7,1,3,0,1,0,12,3293,1872.0,3.6,71194,6.0,12,5
5263,4,93,7,1,3,0,1,0,12,3450,1869.0,3.6,18438,6.0,12,4
5291,10,143,3,1,0,0,1,0,14,81445,1174.0,2.2,25468,4.0,4,3
5319,10,61,7,1,3,0,1,0,7,32929,880.0,1.6,54865,4.0,4,5
5322,7,66,3,1,3,0,1,0,14,118519,1228.0,2.3,14263,4.0,4,5
5338,30,23,3,1,3,0,1,0,7,2195,1079.0,2.0,22816,4.0,12,5
5349,10,143,3,1,0,0,1,0,1,53188,1079.0,2.0,47692,4.0,4,5
5376,30,18,8,1,1,0,1,0,7,45825,400.0,1.5,9942,4.0,4,5
5505,30,23,3,1,3,0,1,0,14,10349,1079.0,2.0,38712,4.0,12,5
5547,13,131,3,1,3,0,1,0,1,1646,880.0,1.6,65451,4.0,12,5
5564,9,14,7,1,3,0,1,0,1,11290,831.0,1.5,60062,4.0,12,5
5571,10,61,7,1,3,0,1,0,11,31581,880.0,1.6,52000,4.0,4,5
5584,30,126,2,1,1,0,1,0,14,40769,463.0,1.8,2102,4.0,12,5
5589,22,99,3,0,3,2,1,0,7,24775,880.0,1.6,8000,4.0,0,5
5599,30,30,7,1,3,2,1,0,1,50178,0.0,2.5,60000,6.0,10,5
5614,27,119,7,1,3,0,0,0,12,1882,1327.0,2.5,0,4.0,12,5
5623,28,171,3,0,3,2,1,0,5,46414,0.0,1.0,4800,3.0,10,4
5625,10,90,8,1,0,0,1,0,15,65040,1327.0,2.5,26501,4.0,4,5
5634,8,156,7,1,3,0,1,0,1,14269,1077.0,2.0,35898,4.0,12,4
5641,30,130,3,0,3,2,0,0,14,48610,1327.0,2.5,40000,4.0,12,5
5645,30,6,3,1,3,0,0,0,12,470,2070.0,4.0,58971,6.0,12,5
5685,10,163,3,1,0,0,1,0,2,47205,930.0,1.7,46764,4.0,4,5
5703,4,51,7,0,3,0,1,0,12,14740,781.0,1.4,0,4.0,0,5
5735,10,61,7,1,3,0,1,0,7,15210,1076.0,2.0,25038,4.0,12,3
5748,30,30,7,1,1,0,1,0,1,9722,609.0,2.5,127515,4.0,12,5
5793,10,163,7,1,3,0,0,0,2,17876,1077.0,2.0,31200,4.0,12,4
5826,30,30,7,1,1,0,1,0,1,3450,607.0,2.5,9626,4.0,12,4
5851,30,157,7,1,3,0,2,0,12,31047,1820.0,3.5,17542,6.0,12,4
5852,22,167,7,1,3,0,1,0,7,2587,880.0,1.6,0,4.0,12,5
5896,30,30,7,1,1,0,1,0,14,18817,609.0,2.5,35058,4.0,12,5
5910,9,41,7,1,3,0,1,0,1,56509,1079.0,2.0,26134,4.0,4,5
5920,10,149,7,1,3,0,1,0,1,66815,1079.0,2.0,40808,4.0,4,5
5921,10,149,7,1,3,0,1,0,14,64463,1079.0,2.0,25255,4.0,4,5
5955,30,23,3,0,3,2,1,0,7,46728,1079.0,2.0,46000,4.0,12,5
6035,30,30,7,1,1,0,1,0,1,3450,607.0,2.5,9626,4.0,12,4
6047,9,69,2,1,3,0,1,0,12,22291,732.0,1.3,5987,4.0,4,5
6080,30,23,3,1,3,0,1,0,14,10349,1079.0,2.0,38712,4.0,12,5
6081,18,28,3,0,3,2,0,0,1,51746,1327.0,2.5,20000,4.0,12,5
6086,30,91,7,1,3,0,0,0,3,470,1820.0,3.5,10670,6.0,12,4
6096,19,175,6,1,0,0,0,0,2,109764,0.0,2.5,43000,8.0,0,5
6105,16,132,3,1,3,0,1,0,1,3293,1823.0,3.5,8618,6.0,12,5
6124,21,120,3,1,1,0,0,0,1,1725,505.0,2.0,79283,4.0,12,5
6140,21,120,7,1,3,0,0,0,1,1333,1275.0,2.4,4677,4.0,12,4
6142,4,2,0,1,3,0,0,0,12,2509,781.0,1.4,29763,4.0,12,5
6164,24,184,7,1,3,0,0,0,2,46414,1079.0,2.0,28840,4.0,12,5
6182,13,114,3,0,1,0,1,0,1,38888,421.0,1.6,62347,4.0,10,5
6202,30,30,7,1,3,2,1,0,1,64290,1327.0,2.5,12000,4.0,12,5
6231,30,30,7,1,3,0,1,0,2,4234,1327.0,2.5,105235,4.0,12,5
6299,16,132,7,1,3,0,0,0,14,55195,1823.0,3.5,15744,6.0,12,5
6302,10,143,3,1,0,0,1,0,7,80074,1077.0,2.0,56000,4.0,4,4
6307,30,130,7,1,3,0,0,0,11,392,1327.0,2.5,53611,4.0,11,5
6316,27,74,7,1,3,0,0,0,1,10663,1327.0,2.5,32435,4.0,12,5
6324,27,119,2,1,3,0,0,0,12,282,1327.0,2.5,41794,4.0,12,5
6329,10,149,7,1,3,0,1,0,7,62697,880.0,1.6,32000,4.0,4,5
6341,30,23,3,1,3,0,1,0,14,10349,1079.0,2.0,38712,4.0,12,5
6344,30,30,7,1,3,0,1,0,7,6429,1325.0,2.5,4565,4.0,12,4
6368,7,76,7,1,1,0,1,0,2,10192,505.0,2.0,28813,4.0,12,5
6379,10,149,7,1,3,0,1,0,1,65052,1079.0,2.0,27448,4.0,4,5
6421,30,45,7,1,1,0,1,0,2,6899,460.0,1.8,7467,4.0,12,3
6432,4,154,7,1,3,0,1,0,1,28225,2711.0,5.3,19901,8.0,12,4
6436,0,12,7,1,3,0,0,0,1,21950,1079.0,2.0,18283,4.0,10,5
6451,9,41,2,1,3,0,1,0,1,78829,831.0,1.5,2000,4.0,4,5
6571,30,130,3,0,3,0,0,0,14,47042,1325.0,2.5,2565,4.0,8,4
6586,28,155,2,0,3,3,1,0,11,45009,681.0,1.2,0,4.0,0,4
6600,8,156,7,1,3,0,1,0,2,9879,831.0,1.5,51050,4.0,12,5
6668,27,74,7,1,3,0,0,0,1,10663,1327.0,2.5,32435,4.0,12,5
6670,32,3,7,1,3,0,1,0,7,12544,1872.0,3.6,66086,6.0,12,5
6696,9,49,7,1,3,0,0,0,2,20698,831.0,1.5,56261,4.0,12,5
6720,30,30,7,0,3,2,1,0,12,53000,1327.0,2.5,7000,4.0,12,5
6761,30,30,7,1,3,2,2,0,7,40769,1327.0,2.5,31000,6.0,12,5
6780,30,157,7,1,3,0,0,0,1,26971,1820.0,3.5,18555,6.0,12,4
6788,30,30,7,1,3,0,1,0,1,46101,1325.0,2.5,25816,4.0,12,4
6824,30,30,7,1,1,0,1,0,1,3450,607.0,2.5,9626,4.0,12,4
6829,9,69,2,1,3,0,1,0,12,21683,732.0,1.3,10970,4.0,4,5
6845,30,23,3,0,3,2,1,1,4,24000,1829.0,1.2,84000,4.0,8,4
6851,10,149,7,1,3,0,1,0,7,69502,1079.0,2.0,28750,4.0,4,5
6899,9,41,7,1,3,0,1,0,7,59827,1077.0,2.0,8115,4.0,4,4
6984,30,23,3,1,3,0,1,0,11,5488,1077.0,2.0,78424,4.0,12,4
7091,22,100,3,1,3,0,1,0,11,29950,880.0,1.6,9410,4.0,9,5
7101,30,6,3,1,3,0,1,0,10,10349,1079.0,2.0,78579,4.0,12,5
7105,21,122,3,0,3,2,0,0,7,33870,1079.0,2.0,4320,4.0,10,5
7143,10,90,8,1,0,0,1,0,15,68223,1327.0,2.5,27406,4.0,4,5
7187,10,143,3,1,0,0,1,0,7,71647,1077.0,2.0,47778,4.0,4,4
7210,32,96,7,1,3,0,1,0,7,39201,780.0,1.4,5000,4.0,16,4
7276,19,78,3,1,2,1,0,0,10,3,0.0,1.8,1212,12.0,0,3
7283,19,86,3,1,3,2,0,0,1,228935,0.0,5.5,23000,8.0,16,5
7290,4,51,7,1,3,0,1,0,3,470,780.0,1.4,17507,4.0,12,4
7301,12,43,7,1,3,0,1,0,6,8154,1277.0,2.4,12520,4.0,12,5
7365,27,50,7,1,3,0,0,0,2,7213,1077.0,2.0,6384,4.0,12,4
7367,30,23,3,1,3,0,1,0,2,17876,1077.0,2.0,29541,4.0,12,4
7380,30,23,3,1,3,0,1,0,2,549,1077.0,2.0,24339,4.0,12,4
7390,30,157,7,1,3,0,0,0,1,31675,1817.0,3.5,1669,6.0,12,3
7397,24,37,3,1,3,0,2,0,14,25716,1079.0,2.0,1166,4.0,12,5
7419,10,143,7,1,3,0,0,0,2,13799,1275.0,2.4,22832,4.0,12,4
7428,19,11,7,1,3,0,2,0,2,32615,1077.0,2.0,15235,4.0,12,4
7431,30,23,3,1,3,0,1,0,1,15681,1077.0,2.0,18950,4.0,12,4
7441,30,30,7,1,1,0,1,0,14,18817,609.0,2.5,35058,4.0,12,5
7461,9,49,7,0,3,3,0,0,12,87497,1275.0,2.4,0,4.0,6,4
7469,22,99,3,0,3,0,1,0,7,25089,880.0,1.6,4363,4.0,0,5
7484,18,0,3,1,3,0,0,0,1,470,1077.0,2.0,11566,4.0,12,4
7507,30,105,3,0,0,0,0,0,14,250,0.0,3.0,0,6.0,12,4
7529,9,41,7,1,3,0,1,0,7,7840,828.0,1.5,4494,4.0,12,3
7590,10,143,3,1,0,0,1,0,7,89482,1176.0,2.2,69852,4.0,4,4
7614,30,18,2,0,1,0,1,1,14,15500,2266.0,1.5,7000,4.0,6,5
7636,10,149,7,1,3,0,1,0,1,67699,880.0,1.6,35950,4.0,4,5
7641,9,41,0,1,3,0,1,0,14,65817,831.0,1.5,12812,4.0,4,5
7656,30,23,3,1,3,0,1,0,7,784,1079.0,2.0,25850,4.0,12,5
7684,32,97,7,0,3,0,1,0,14,26814,781.0,1.4,6380,4.0,8,5
7702,10,143,3,1,0,0,1,0,7,71983,1077.0,2.0,10120,4.0,4,4
7749,1,107,7,1,3,2,0,0,1,288521,2269.0,4.4,13500,8.0,0,5
7781,30,23,3,1,3,0,1,0,7,784,1079.0,2.0,25850,4.0,12,5
7816,26,15,3,1,0,0,1,0,2,42171,880.0,1.6,74221,4.0,4,5
7855,10,61,7,1,3,0,1,0,7,3293,1079.0,2.0,47200,4.0,12,5
7895,25,115,7,0,3,0,1,0,14,37633,0.0,1.6,5500,4.0,6,4
7915,28,171,3,0,3,0,1,0,11,61951,780.0,1.4,0,4.0,0,4
7925,32,125,7,1,3,2,1,0,7,36065,1079.0,2.0,68800,4.0,6,5
7980,30,30,7,1,1,0,1,0,1,251,607.0,2.5,39552,4.0,12,4
7991,18,29,3,1,3,0,1,0,14,627,1325.0,2.5,14186,4.0,12,4
7997,12,173,3,1,3,0,0,0,7,147397,1869.0,3.6,18000,6.0,16,4
8010,30,30,7,1,3,0,1,0,12,13956,1327.0,2.5,56173,4.0,12,5
8035,10,149,7,1,3,0,1,0,14,64171,1079.0,2.0,21122,4.0,4,5
8036,16,88,3,1,3,0,0,0,14,72130,2364.0,4.6,26138,8.0,10,4
8074,10,149,7,1,3,0,1,0,7,57698,1079.0,2.0,36304,4.0,4,5
8088,1,177,3,1,3,0,0,0,14,28852,1079.0,2.0,68126,4.0,12,5
8120,10,143,3,1,0,0,1,0,7,69810,1077.0,2.0,2730,4.0,4,4
8140,30,30,7,1,1,0,1,0,1,3450,607.0,2.5,9626,4.0,12,4
8158,4,162,3,1,3,0,0,0,1,15367,781.0,1.4,1405,4.0,8,5
8172,12,43,3,1,3,0,0,0,1,42337,1277.0,2.4,16500,4.0,12,5
8186,30,30,7,1,3,0,1,0,2,220,1327.0,2.5,47688,4.0,12,5
8235,4,148,3,1,3,0,1,0,11,28539,2715.0,5.3,28890,8.0,12,5
8357,4,51,7,0,3,0,1,0,1,15053,781.0,1.4,37400,4.0,8,5
8372,30,23,3,1,3,0,1,0,14,29793,1077.0,2.0,4330,4.0,12,4
8374,9,69,2,1,3,0,1,0,1,60502,831.0,1.5,8000,4.0,4,5
8406,9,41,0,1,3,0,1,0,11,62493,831.0,1.5,8520,4.0,4,5
8414,19,25,2,1,3,0,1,0,11,470,1079.0,2.0,15806,4.0,12,5
8439,7,76,7,1,1,2,1,0,12,39829,505.0,2.0,39000,4.0,12,5
8451,10,61,7,1,2,0,1,0,14,36426,880.0,1.6,35643,4.0,4,5
8452,30,30,7,1,1,0,1,0,14,18817,609.0,2.5,35058,4.0,12,5
8459,30,30,7,1,3,0,1,0,14,251,1327.0,2.5,60915,4.0,0,5
8470,30,23,3,1,3,0,1,0,12,549,1079.0,2.0,46733,4.0,12,5
8478,4,51,7,0,3,0,1,0,1,13956,781.0,1.4,0,4.0,0,5
8541,14,165,8,1,3,2,0,0,1,872946,2067.0,4.0,2531,8.0,0,4
8544,17,44,7,1,3,0,1,0,14,470,1426.0,2.7,25790,6.0,12,5
8547,10,163,3,1,0,0,1,0,7,49864,1077.0,2.0,66500,4.0,4,4
8551,30,23,3,1,3,0,1,0,12,21012,1077.0,2.0,19834,4.0,12,4
8560,30,30,7,1,1,2,0,0,2,62722,0.0,2.4,14000,6.0,12,5
8622,30,30,7,1,1,0,1,0,1,9722,609.0,2.5,127515,4.0,12,5
8629,10,143,3,1,0,0,1,0,3,123330,1176.0,2.2,29816,4.0,4,4
8638,11,67,3,1,3,0,0,0,2,392,1079.0,2.0,26726,4.0,12,5
8716,30,6,7,1,3,0,1,0,2,314,1079.0,2.0,33122,4.0,12,5
8750,30,30,7,1,3,0,1,0,2,470,1327.0,2.5,80568,4.0,12,5
8753,10,143,3,1,0,0,1,0,14,55230,1079.0,2.0,49396,4.0,4,5
8782,11,67,3,1,3,0,0,0,7,3293,1079.0,2.0,26701,4.0,12,5
8797,5,133,7,1,3,0,2,0,7,16935,1869.0,3.6,22293,6.0,12,4
8843,9,41,7,1,3,0,1,0,12,73131,831.0,1.5,1036,4.0,4,5
8853,30,91,3,1,3,0,0,0,14,26971,1823.0,3.5,47002,6.0,12,5
8914,10,90,8,1,2,0,1,0,15,66197,1327.0,2.5,20930,4.0,4,5
8922,30,126,7,1,1,0,1,0,14,15210,463.0,1.8,12416,4.0,12,5
8932,32,96,7,1,3,0,1,0,12,17562,1077.0,2.0,6565,4.0,12,4
8945,4,51,7,0,3,2,1,0,14,23521,781.0,1.4,6000,4.0,0,5
9079,9,116,7,1,3,0,1,0,1,19757,1820.0,3.5,13994,6.0,12,4
9095,30,23,3,1,3,0,1,0,14,29793,1077.0,2.0,4330,4.0,12,4
9134,30,30,7,1,3,2,1,0,2,40769,1327.0,2.5,43000,4.0,12,5
9138,11,56,3,0,3,2,0,0,1,101923,0.0,2.0,0,4.0,12,3
9139,30,23,3,1,3,0,1,0,12,24462,1077.0,2.0,10610,4.0,12,4
9160,7,76,7,1,1,0,1,0,7,1568,505.0,2.0,93453,4.0,12,5
9166,10,143,5,1,3,0,1,0,2,95739,1176.0,2.2,9087,4.0,4,4
9177,30,157,7,1,3,0,0,0,1,26971,1820.0,3.5,18555,6.0,12,4
9186,32,159,7,1,3,0,1,0,1,9565,1079.0,2.0,70098,4.0,12,5
9198,32,96,7,1,3,2,1,0,14,45473,780.0,1.4,35000,4.0,12,4
9200,19,87,3,1,3,2,0,0,1,141124,1575.0,3.0,40000,6.0,12,5
9248,24,184,3,1,3,2,0,0,1,172486,0.0,2.0,7400,6.0,15,4
9261,30,157,7,1,3,0,0,0,1,31675,1817.0,3.5,1669,6.0,12,3
9283,30,157,7,1,3,0,2,0,12,31047,1820.0,3.5,17542,6.0,12,4
9293,10,143,3,1,0,0,1,0,2,59837,1079.0,2.0,41778,4.0,4,5
9296,30,30,7,1,1,0,1,0,1,3450,607.0,2.5,9626,4.0,12,4
9370,9,69,8,1,1,0,1,0,1,31211,400.0,1.5,57809,4.0,4,5
9381,10,149,7,1,3,0,1,0,2,49751,1079.0,2.0,77130,4.0,4,5
9384,30,126,7,1,1,0,1,0,12,9408,463.0,1.8,44114,4.0,12,5
9417,2,39,7,1,3,0,0,0,1,941,1325.0,2.5,2642,4.0,12,4
9453,30,30,3,1,1,0,1,0,1,251,607.0,2.5,56834,4.0,12,4
9469,30,30,7,1,1,0,1,0,1,6586,609.0,2.5,272781,4.0,12,5
9494,18,29,3,1,3,0,1,0,14,627,1325.0,2.5,14186,4.0,12,4
9515,10,90,8,1,0,0,1,0,7,46919,1327.0,2.5,71689,4.0,4,5
9535,30,23,3,1,3,0,1,0,14,10349,1079.0,2.0,38712,4.0,12,5
9546,30,30,7,1,1,0,1,0,1,3450,607.0,2.5,9626,4.0,12,4
9550,13,117,7,1,3,0,1,0,2,1333,1277.0,2.4,52710,4.0,12,5
9551,9,41,7,1,3,0,1,0,12,59827,1077.0,2.0,8115,4.0,4,4
9558,21,121,3,0,3,2,0,0,1,31047,1275.0,2.4,2400,4.0,10,4
9637,8,156,7,1,3,0,1,0,2,3450,830.0,1.5,9422,4.0,12,4
9663,30,157,7,1,3,0,0,0,1,31675,1817.0,3.5,1669,6.0,12,3
9692,30,30,7,1,3,0,1,0,1,220,1327.0,2.5,70662,4.0,12,5
9698,30,23,3,1,3,0,1,0,1,282,1077.0,2.0,3237,4.0,12,4
9699,1,177,3,1,3,2,0,0,1,62719,1079.0,2.0,35000,4.0,12,5
9709,30,30,7,1,1,0,1,0,1,251,607.0,2.5,39552,4.0,12,4
9724,31,169,7,0,3,2,1,0,1,15681,0.0,1.6,35000,6.0,12,5
9736,10,61,7,1,3,0,1,0,14,47377,879.0,1.6,8737,4.0,4,4
9776,26,15,3,1,0,0,1,0,2,43868,879.0,1.6,57874,4.0,4,4
9791,18,0,3,1,3,0,0,0,1,470,1077.0,2.0,11566,4.0,12,4
9796,9,41,7,1,3,0,1,0,7,68144,831.0,1.5,42857,4.0,4,5
9825,7,68,7,1,3,0,2,0,14,7840,1426.0,2.7,2792,6.0,12,5
9836,22,145,7,1,3,0,1,0,12,2430,980.0,1.8,67272,4.0,12,5
9881,26,15,3,1,0,0,1,0,7,44752,880.0,1.6,40137,4.0,4,5
9894,30,30,7,1,1,0,1,0,1,9722,609.0,2.5,127515,4.0,12,5
9899,30,30,7,1,1,0,1,0,1,3450,607.0,2.5,9626,4.0,12,4
9912,10,143,3,1,0,0,1,0,7,68148,1077.0,2.0,47778,4.0,4,4
9915,30,130,3,1,3,0,0,0,1,470,1327.0,2.5,17214,4.0,12,5
9916,30,23,0,1,3,0,1,0,14,6586,1077.0,2.0,5219,4.0,12,4
9935,30,45,7,1,3,0,1,0,1,3293,978.0,1.8,54307,4.0,12,4
9950,4,108,7,1,3,0,1,0,14,58507,731.0,1.3,1878,4.0,4,4
9969,7,65,7,1,3,0,1,0,14,13015,830.0,1.5,4309,4.0,12,4
9970,21,120,3,1,3,2,0,0,1,44500,1277.0,2.4,12345,4.0,12,5
10029,30,23,3,1,3,2,0,0,14,57391,0.0,1.2,12000,4.0,12,5
10033,9,69,2,1,3,0,1,0,2,39189,831.0,1.5,6213,4.0,4,5
10064,10,61,7,1,3,0,1,0,7,43143,1079.0,2.0,35168,4.0,4,5
10089,13,152,3,1,3,0,0,0,1,18817,1275.0,2.4,18206,4.0,12,4
10090,10,143,3,1,0,0,1,0,14,51028,1079.0,2.0,102934,4.0,4,5
10098,30,30,7,1,3,0,1,0,3,73698,0.0,2.5,6417,4.0,12,4
10142,30,23,3,1,3,0,1,0,14,6586,1077.0,2.0,19968,4.0,12,4
10153,10,61,7,1,3,0,1,0,11,1254,1079.0,2.0,48171,4.0,12,5
10162,30,30,7,1,3,0,1,0,1,87811,0.0,3.5,18000,6.0,10,5
10181,26,15,3,1,3,0,1,0,2,44003,880.0,1.6,24372,4.0,4,5
10238,1,179,3,1,0,2,0,0,2,103491,0.0,2.5,59364,6.0,12,5
10249,30,30,7,1,1,0,1,0,1,3450,607.0,2.5,9626,4.0,12,4
10253,30,105,3,1,0,0,0,0,14,131716,0.0,3.0,5292,6.0,12,5
10295,10,90,5,1,0,0,1,0,14,83107,1325.0,2.5,21442,4.0,4,4
10304,10,143,3,1,0,0,1,0,14,55515,1079.0,2.0,102934,4.0,4,5
10322,10,143,3,1,0,0,1,0,7,73633,1176.0,2.2,15936,4.0,4,4
10330,30,23,3,1,3,0,1,0,7,549,1077.0,2.0,39221,4.0,12,4
10357,22,17,7,1,3,0,1,0,7,21326,1325.0,2.5,30296,4.0,12,4
10372,10,143,5,1,0,0,1,0,14,98066,1176.0,2.2,17632,4.0,4,4
10381,26,15,3,1,3,0,1,0,2,40634,880.0,1.6,30084,4.0,4,5
10382,10,143,3,1,0,0,1,0,12,79616,1076.0,2.0,4654,4.0,4,3
10387,7,77,7,1,3,0,1,0,14,24462,831.0,1.5,7368,4.0,8,5
10396,9,41,7,1,3,0,1,0,2,60831,831.0,1.5,17992,4.0,4,5
10408,1,178,7,1,3,0,2,0,14,1019,1077.0,2.0,33870,4.0,12,4
10411,30,126,7,0,1,0,1,0,7,21012,463.0,1.8,206794,4.0,10,5
10423,15,134,3,1,3,2,0,0,14,150533,1575.0,3.0,22000,6.0,12,5
10470,10,163,3,1,3,0,1,0,7,56371,880.0,1.6,32130,4.0,4,5
10479,13,150,7,1,3,0,1,0,7,22894,1723.0,3.3,49646,6.0,12,5
10483,30,23,3,1,3,0,1,0,12,470,1077.0,2.0,19834,4.0,12,4
10500,10,61,7,1,3,0,1,0,7,3136,1079.0,2.0,30333,4.0,12,5
10546,10,163,3,1,0,0,1,0,1,64823,1079.0,2.0,29545,4.0,4,5
10559,21,120,3,1,3,0,0,0,1,78403,0.0,2.4,0,4.0,12,3
10577,7,66,3,1,3,0,1,0,14,108371,1228.0,2.3,25947,4.0,4,5
10585,7,65,3,0,3,2,1,0,7,26657,830.0,1.5,74000,8.0,9,4
10648,10,149,7,1,3,0,1,0,7,52959,1079.0,2.0,48605,4.0,4,5
10687,21,110,7,1,3,0,1,0,7,1411,682.0,1.2,7430,3.0,12,5
10699,27,50,7,1,3,0,0,0,2,549,1077.0,2.0,7971,4.0,12,4
10708,10,13,7,1,3,0,1,0,7,10036,879.0,1.6,4621,4.0,12,4
10726,30,30,7,1,1,0,1,0,14,18817,609.0,2.5,35058,4.0,12,5
10732,10,149,7,1,2,0,1,0,14,66485,1076.0,2.0,13460,4.0,4,3
10759,16,102,3,1,3,2,0,0,1,260296,0.0,5.7,17700,8.0,10,5
10775,10,149,7,1,3,0,1,0,14,69502,1079.0,2.0,24000,4.0,4,5
10839,30,18,2,1,3,0,1,0,12,28532,830.0,1.5,25000,4.0,4,4
10885,4,51,7,0,3,2,1,0,7,3,0.0,1.4,61000,4.0,8,5
10889,9,69,2,1,3,0,1,0,12,22900,732.0,1.3,2635,4.0,4,5
10892,30,30,7,1,3,0,1,0,1,14583,1327.0,2.5,29682,4.0,12,5
10934,19,82,3,1,3,2,2,0,1,65545,1079.0,2.0,12000,12.0,12,5
10935,30,30,7,1,3,0,1,0,2,470,1327.0,2.5,31290,4.0,12,5
10939,10,143,3,1,0,0,1,0,7,73310,1077.0,2.0,2730,4.0,4,4
11105,10,163,7,1,3,0,0,0,2,22580,1077.0,2.0,31200,4.0,12,4
11106,30,45,7,1,3,0,1,0,1,6429,980.0,1.8,78608,4.0,12,5
11109,10,143,3,1,0,0,1,0,7,97235,1076.0,2.0,43865,4.0,4,3
11155,30,31,7,0,1,2,1,0,1,72130,609.0,2.5,27000,4.0,12,5
11157,4,51,7,1,3,0,1,0,1,941,781.0,1.4,39466,4.0,12,5
11208,30,30,7,1,1,0,1,0,1,251,607.0,2.5,39552,4.0,12,4
11230,30,105,3,0,0,0,0,0,7,250,0.0,3.0,37000,6.0,12,4
11240,30,45,8,0,1,2,1,1,14,15000,2265.0,1.5,22000,4.0,0,4
11247,11,55,3,1,3,2,0,0,14,125444,0.0,2.0,22720,6.0,12,5
11264,10,61,7,1,3,0,1,0,1,5018,1079.0,2.0,61398,4.0,12,5
11284,26,15,3,1,3,0,1,0,11,44752,880.0,1.6,11953,4.0,4,5
11317,9,41,7,1,3,0,1,0,2,65817,830.0,1.5,14542,4.0,4,4
11338,10,163,3,1,0,0,1,0,12,48867,930.0,1.7,52782,4.0,4,5
11385,30,19,7,1,1,3,1,0,7,62095,714.0,3.0,80000,8.0,10,5
11390,30,180,7,1,3,0,1,0,14,1960,830.0,1.5,0,4.0,12,4
11398,10,166,2,0,3,2,1,0,14,31047,1077.0,2.0,12000,4.0,12,4
11415,27,119,3,1,3,0,0,0,14,3450,1325.0,2.5,15480,4.0,12,4
11469,4,151,2,1,3,0,1,0,14,13322,583.0,1.0,62499,4.0,4,5
11478,30,30,7,1,3,0,1,0,2,392,1325.0,2.5,12336,4.0,12,4
11503,9,14,7,1,3,0,1,0,2,6429,830.0,1.5,4088,4.0,12,4
11546,30,30,7,1,1,0,1,0,1,3450,607.0,2.5,9626,4.0,12,4
11554,19,26,0,1,3,0,0,0,1,87027,1572.0,3.0,0,6.0,12,4
11561,30,30,7,1,1,0,1,0,14,18817,609.0,2.5,35058,4.0,12,5
11627,30,23,3,1,3,0,1,0,14,6586,1077.0,2.0,19968,4.0,12,4
11639,30,30,7,1,1,0,1,0,14,18817,609.0,2.5,35058,4.0,12,5
11671,4,63,7,1,3,0,1,0,14,10349,830.0,1.5,17051,4.0,12,4
11696,19,26,0,1,3,0,0,0,12,26971,2067.0,4.0,0,8.0,12,4
11718,7,71,7,1,3,0,1,0,7,3763,879.0,1.6,47736,4.0,12,4
11728,30,30,7,1,1,0,1,0,1,9722,609.0,2.5,127515,4.0,12,5
11735,10,163,3,1,0,0,1,0,14,44875,930.0,1.7,87862,4.0,4,5
11769,4,93,7,1,3,0,1,0,12,3450,1869.0,3.6,18438,6.0,12,4
11777,7,68,7,1,3,0,1,0,1,10506,2562.0,5.0,7224,8.0,12,4
11795,30,23,0,1,3,0,1,0,14,6586,1077.0,2.0,5219,4.0,12,4
11836,30,30,7,0,1,2,1,0,3,72758,0.0,2.5,27000,4.0,12,5
11839,30,23,3,1,3,0,1,0,1,282,1077.0,2.0,3237,4.0,12,4
11868,22,17,3,1,3,0,1,0,12,706,1325.0,2.5,30555,4.0,12,4
11875,18,29,3,1,3,0,1,0,14,627,1325.0,2.5,14186,4.0,12,4
11881,4,108,7,1,3,0,1,0,7,3607,831.0,1.5,64600,4.0,12,5
11891,22,129,3,1,3,0,0,0,11,25000,0.0,2.0,35447,4.0,12,5
11916,10,149,7,1,3,0,1,0,14,6743,1277.0,2.4,57555,4.0,12,5
11917,30,30,7,1,1,0,1,0,14,18817,609.0,2.5,35058,4.0,12,5
11920,10,149,7,1,3,0,1,0,14,61781,1076.0,2.0,98,4.0,4,3
11922,21,120,3,0,3,2,0,0,11,39201,1079.0,2.0,13000,4.0,12,5
11964,30,30,7,1,1,0,1,0,14,18817,609.0,2.5,35058,4.0,12,5
12005,9,75,5,1,1,0,1,1,11,24000,2265.0,1.5,1544,4.0,2,4
12030,12,40,7,1,3,0,1,0,12,627,1275.0,2.4,24805,4.0,12,4
12036,30,126,7,1,1,0,0,0,14,1254,462.0,1.8,7518,4.0,12,4
12038,30,30,7,1,1,0,1,0,1,470,605.0,2.5,3541,4.0,12,3
12083,30,23,3,1,3,0,1,0,1,314,1077.0,2.0,47253,4.0,12,4
12084,30,30,7,1,1,0,1,0,1,251,607.0,2.5,39552,4.0,12,4
12091,21,120,3,0,3,0,1,0,2,31988,1079.0,2.0,14000,4.0,10,5
12092,10,163,3,1,0,0,1,0,2,60994,1077.0,2.0,1217,4.0,4,4
12101,30,105,3,1,0,2,0,0,2,121681,0.0,3.0,92000,6.0,12,5
12159,30,23,3,1,3,0,1,0,7,2587,1079.0,2.0,16213,4.0,12,5
12163,9,41,2,1,3,0,1,0,1,66150,831.0,1.5,17223,4.0,4,5
12168,10,61,7,1,3,0,1,0,12,4077,1079.0,2.0,46686,4.0,12,5
12169,10,143,3,1,0,0,1,0,3,62653,1077.0,2.0,7865,4.0,4,4
12179,10,61,7,1,3,0,1,0,14,5645,1079.0,2.0,31470,4.0,12,5
12242,19,22,7,1,3,2,2,0,14,78403,0.0,2.0,10000,4.0,12,5
12250,9,146,2,0,1,0,0,0,12,18000,399.0,1.5,9000,4.0,6,4
12283,30,147,5,1,3,0,1,1,1,18000,2266.0,1.5,15000,4.0,2,5
12300,19,83,3,1,3,0,0,0,14,29793,1823.0,3.5,9765,6.0,12,5
12303,10,143,5,1,0,0,1,0,14,106668,1176.0,2.2,14480,4.0,4,4
12306,10,61,7,1,3,0,1,0,14,27924,880.0,1.6,53000,4.0,4,5
12327,10,143,3,1,0,0,1,0,14,68148,1077.0,2.0,31327,4.0,4,4
12381,21,59,3,0,3,0,0,0,12,27441,831.0,1.5,17123,4.0,8,5
12388,10,143,3,1,0,0,1,0,7,61286,1079.0,2.0,69000,4.0,4,5
12411,32,96,7,1,3,0,1,0,14,41710,0.0,1.4,6950,4.0,10,4
12416,30,30,7,1,3,2,1,0,1,49237,1327.0,2.5,22000,4.0,12,5
12430,9,69,2,1,3,0,1,0,8,21316,828.0,1.5,15601,4.0,4,3
12446,10,163,3,1,0,0,1,0,1,45542,930.0,1.7,32066,4.0,4,5
12480,10,143,3,1,0,0,1,0,7,96749,1076.0,2.0,6631,4.0,4,3
12503,4,51,2,0,3,0,1,0,1,17562,780.0,1.4,13,4.0,8,4
12521,10,61,7,1,3,0,1,0,7,48196,1079.0,2.0,17172,4.0,4,5
12556,16,113,3,1,3,0,1,0,14,549,1076.0,2.0,1792,4.0,12,3
12582,4,51,7,1,3,0,1,0,11,8311,781.0,1.4,65738,4.0,12,5
12592,10,61,7,1,3,0,1,0,2,33575,880.0,1.6,65734,4.0,4,5
12593,21,123,3,1,0,0,0,0,1,94083,0.0,3.0,0,6.0,12,3
12682,30,30,7,1,1,0,1,0,14,18817,609.0,2.5,35058,4.0,12,5
12690,7,73,7,0,3,0,1,0,1,15524,583.0,1.0,12459,3.0,8,5
12732,30,23,3,1,3,0,1,0,14,29793,1077.0,2.0,4330,4.0,12,4
12733,10,143,3,1,0,0,1,0,14,58018,1079.0,2.0,17245,4.0,4,5
12740,18,109,7,1,3,0,1,0,7,50805,1327.0,2.5,53277,4.0,0,5
12746,28,170,3,0,3,1,0,0,14,40769,0.0,1.6,48600,4.0,6,5
12750,7,112,0,1,3,0,1,0,1,137885,2566.0,5.0,15305,4.0,4,5
12841,7,60,3,0,3,0,0,0,11,18033,583.0,1.0,8813,3.0,8,5
12879,7,76,7,1,1,0,1,0,1,220,505.0,2.0,127746,4.0,12,5
12909,30,23,3,1,3,3,1,0,7,53314,1077.0,2.0,17600,4.0,10,4
12957,26,15,3,1,0,0,1,0,1,44134,880.0,1.6,38972,4.0,4,5
12976,10,143,3,1,0,0,1,0,14,93079,1174.0,2.2,8803,4.0,4,3
12982,19,25,7,1,3,0,1,0,1,58018,0.0,2.0,44000,4.0,10,5
13016,10,143,3,1,0,0,1,0,7,80958,1174.0,2.2,29900,4.0,4,3
13037,16,132,3,1,3,0,0,0,1,48296,1817.0,3.5,1040,6.0,12,3
13062,30,30,7,1,3,0,1,0,3,9879,1327.0,2.5,44845,4.0,12,5
13081,30,18,2,0,1,0,1,1,14,15500,2265.0,1.5,5000,4.0,6,4
13093,21,101,6,0,0,1,0,0,7,74639,0.0,2.5,0,4.0,4,4
13144,30,30,7,1,3,2,1,0,14,50150,1325.0,2.5,39200,4.0,12,4
13172,30,23,3,1,3,0,1,0,12,21012,1077.0,2.0,19834,4.0,12,4
13222,30,30,7,1,1,0,1,0,14,18817,609.0,2.5,35058,4.0,12,5
13230,30,23,3,1,3,0,1,0,1,15681,1077.0,2.0,18950,4.0,12,4
13236,30,30,7,1,3,0,1,0,1,68994,1325.0,2.5,4000,4.0,10,4
13237,30,130,7,1,1,0,0,0,7,13328,609.0,2.5,73646,4.0,12,5
13324,19,83,3,1,3,0,0,0,14,63663,1575.0,3.0,21499,6.0,12,5
13328,19,85,3,1,3,0,0,0,12,193184,0.0,3.0,20000,6.0,12,5
13334,10,143,3,1,0,0,1,0,7,80651,1076.0,2.0,26000,4.0,4,3
13403,22,145,7,1,3,0,1,0,11,2979,980.0,1.8,30184,4.0,12,5
13432,30,126,7,1,1,0,1,0,14,45473,0.0,1.8,5700,4.0,12,5
13513,22,160,2,1,3,0,1,1,12,7840,0.0,1.5,116000,4.0,6,3
13531,4,63,3,0,3,2,0,0,1,35438,831.0,1.5,9000,4.0,8,5
13598,10,149,7,1,3,0,1,0,7,67903,1076.0,2.0,2000,4.0,4,3
13602,4,108,7,1,3,0,1,0,3,10663,828.0,1.5,14162,4.0,12,3
13621,30,105,3,0,3,0,0,0,1,37633,1426.0,2.7,177000,4.0,2,5
13659,2,39,7,1,3,0,1,0,1,7056,780.0,1.4,29965,4.0,12,4
13688,10,143,3,1,3,0,1,0,14,110,1077.0,2.0,28797,4.0,12,4
13705,30,30,7,1,1,0,1,0,14,18817,609.0,2.5,35058,4.0,12,5
13738,30,31,7,1,1,0,1,0,0,38000,0.0,2.5,27484,8.0,12,5
13760,19,81,3,1,3,2,0,0,1,141124,0.0,2.0,37554,8.0,12,5
13785,30,23,3,1,3,0,1,0,12,549,1079.0,2.0,46733,4.0,12,5
13815,10,163,3,1,0,0,1,0,14,67934,1077.0,2.0,13940,4.0,4,4
13871,6,8,2,1,3,3,1,0,1,23521,0.0,1.4,0,4.0,12,5
13901,19,82,7,1,3,2,2,0,1,78403,0.0,2.0,25000,6.0,12,5
13925,18,0,7,1,3,0,1,0,14,9408,1325.0,2.5,498,4.0,12,4
13938,30,23,3,0,3,0,1,0,1,42337,1079.0,2.0,9280,4.0,8,5
13969,4,51,7,1,3,0,1,0,1,1568,781.0,1.4,95219,4.0,12,5
13988,7,71,2,0,3,0,1,0,2,19130,0.0,1.6,12800,4.0,4,5
13998,30,45,7,1,3,0,1,0,2,9565,978.0,1.8,6032,4.0,12,4
14003,30,30,7,1,1,0,1,0,14,18817,609.0,2.5,35058,4.0,12,5
14067,2,62,7,1,3,0,0,0,1,10192,1869.0,3.6,25706,6.0,12,4
14076,30,30,7,1,1,0,1,0,1,9722,609.0,2.5,127515,4.0,12,5
14110,30,23,3,0,3,2,1,0,7,47669,0.0,2.0,25000,4.0,8,5
14122,30,164,6,1,3,0,2,0,12,35124,2909.0,5.7,34059,8.0,12,4
14169,4,51,7,1,3,0,1,0,12,3293,780.0,1.4,20040,4.0,12,4
14173,1,9,7,1,1,0,2,0,7,24462,505.0,2.0,45525,4.0,12,5
14186,30,30,7,1,1,0,1,0,14,18817,609.0,2.5,35058,4.0,12,5
14218,30,6,3,1,3,0,1,0,1,314,2070.0,4.0,0,6.0,12,5
14237,12,40,7,1,3,0,1,0,12,1019,1275.0,2.4,24805,4.0,12,4
14256,30,23,3,1,3,2,1,0,2,28000,0.0,1.8,12987,5.0,12,5
14265,9,41,7,1,3,0,1,0,1,69807,831.0,1.5,22237,4.0,4,5
14271,11,55,3,1,3,0,0,0,14,6743,1079.0,2.0,10782,4.0,12,5
14286,10,163,3,1,0,0,1,0,14,53188,930.0,1.7,17101,4.0,4,5
14336,7,112,3,1,3,0,2,0,1,7997,2566.0,5.0,39576,8.0,12,5
14340,22,17,7,1,3,0,1,0,7,5175,1327.0,2.5,147947,4.0,12,5
14380,13,117,7,0,1,2,1,0,14,40456,505.0,2.0,18000,4.0,12,5
14406,30,18,2,1,3,0,1,0,1,48566,831.0,1.5,14570,4.0,4,5
14434,30,23,3,1,3,0,1,0,7,549,1077.0,2.0,39221,4.0,12,4
14475,30,30,7,1,1,0,1,0,12,23207,607.0,2.5,30504,4.0,12,4
14476,27,94,2,0,3,1,0,0,11,29166,0.0,2.0,42000,4.0,6,5
14491,30,157,7,1,3,0,2,0,12,31047,1820.0,3.5,17542,6.0,12,4
14563,10,163,3,1,3,0,1,0,7,58579,880.0,1.6,24998,4.0,4,5
14601,30,157,7,1,3,0,0,0,1,26971,1820.0,3.5,18555,6.0,12,4
14630,30,30,7,1,3,2,1,0,11,75266,1327.0,2.5,11000,4.0,12,5
14677,30,92,6,0,3,2,0,0,7,68994,1823.0,3.5,12000,6.0,12,5
14694,18,29,7,1,3,0,1,0,7,35438,1325.0,2.5,11746,4.0,12,4
14704,30,130,7,1,1,0,0,0,7,13328,609.0,2.5,73646,4.0,12,5
14705,30,45,7,1,3,0,1,0,12,10036,980.0,1.8,37878,4.0,12,5
14797,9,14,7,1,1,0,1,0,14,392,505.0,2.0,42078,4.0,12,5
14803,18,10,3,1,3,0,1,0,7,6586,1327.0,2.5,21328,4.0,12,5
14824,30,130,3,1,1,0,0,0,14,706,609.0,2.5,25955,4.0,12,5
14835,30,126,2,1,1,0,1,0,1,1960,462.0,1.8,7632,4.0,12,4
14839,15,135,3,1,0,2,0,0,1,297930,0.0,3.0,4500,8.0,12,4
14900,7,77,7,0,3,0,1,0,4,23991,831.0,1.5,10457,4.0,8,5
14931,30,104,3,1,3,0,0,0,1,370,0.0,4.0,15000,8.0,12,5
14941,10,144,3,1,3,0,0,0,6,39201,0.0,2.4,12000,4.0,12,5
14945,4,148,7,1,3,0,1,0,2,10976,2715.0,5.3,0,8.0,12,5
15043,10,90,8,1,0,0,1,0,7,46919,1327.0,2.5,71689,4.0,4,5
15084,10,143,3,1,0,0,1,0,7,73313,1076.0,2.0,21844,4.0,4,3
15127,10,143,3,1,0,0,1,0,1,57902,1079.0,2.0,66790,4.0,4,5
15146,30,126,7,0,3,0,1,0,14,18503,0.0,1.8,13000,4.0,4,3
15157,30,23,3,1,3,0,1,0,12,21012,1077.0,2.0,19834,4.0,12,4
15161,26,15,3,1,0,0,1,0,14,45928,880.0,1.6,22918,4.0,4,5
15171,4,51,7,1,3,0,1,0,14,470,780.0,1.4,17600,4.0,12,4
15187,30,30,7,1,3,2,1,0,14,63850,1327.0,2.5,43381,4.0,12,5
15198,10,61,7,1,3,0,1,0,7,46534,1079.0,2.0,22016,4.0,4,5
15219,30,30,7,1,1,0,1,0,1,3450,607.0,2.5,9626,4.0,12,4
15245,10,143,3,1,0,0,1,0,14,96915,1174.0,2.2,8803,4.0,4,3
15252,30,47,7,1,3,2,1,0,12,37633,0.0,1.8,18000,4.0,12,5
15256,26,15,3,1,0,0,1,0,14,42692,880.0,1.6,45494,4.0,4,5
15276,10,90,8,1,0,0,1,0,12,45436,1327.0,2.5,45535,4.0,4,5
15336,23,4,3,1,0,0,0,0,7,80000,0.0,2.0,3237,4.0,10,5
15369,13,142,7,1,3,0,1,0,14,6429,1079.0,2.0,107109,4.0,12,5
15377,9,41,0,1,3,0,1,0,14,59834,1079.0,2.0,27176,4.0,4,5
15379,9,41,2,1,3,0,1,0,7,59837,831.0,1.5,13048,4.0,4,5
15396,7,158,3,1,3,0,0,0,14,5331,1823.0,3.5,12824,6.0,12,5
15413,1,106,7,1,3,1,2,0,1,153669,1823.0,3.5,3900,12.0,16,5
15417,10,163,3,1,0,0,1,0,12,61894,1077.0,2.0,6109,4.0,4,4
15453,13,152,3,1,3,0,1,0,4,1098,1273.0,2.4,6216,4.0,12,3
15538,28,98,3,0,3,0,0,0,12,75300,830.0,1.5,0,4.0,0,4
15539,30,30,7,1,1,0,1,0,14,18817,609.0,2.5,35058,4.0,12,5
15541,4,161,7,1,3,0,1,0,7,314,1869.0,3.6,37480,6.0,12,4
15554,4,51,7,1,3,0,1,0,7,11760,781.0,1.4,43658,4.0,12,5
15586,19,54,7,1,3,0,2,0,1,89379,1079.0,2.0,21000,4.0,0,5
15622,30,30,7,1,1,0,1,0,14,18817,609.0,2.5,35058,4.0,12,5
15645,19,22,7,1,3,2,2,0,14,350,0.0,3.0,2000,8.0,12,4
15657,30,34,7,1,3,0,1,0,12,34497,1325.0,2.5,19050,4.0,12,4
15659,19,141,7,1,3,0,2,0,1,74953,2418.0,4.7,29819,8.0,12,5
15668,10,143,7,1,3,0,0,0,14,16308,1273.0,2.4,15149,4.0,12,3
15681,30,130,3,1,3,0,0,0,1,282,1327.0,2.5,61742,4.0,12,5
15818,4,51,5,1,3,0,1,0,12,470,780.0,1.4,43371,4.0,12,4
15821,30,30,7,1,3,2,1,0,2,61154,1275.0,2.4,10000,4.0,12,4
15832,10,163,3,1,1,0,1,0,7,66479,503.0,2.0,7771,4.0,4,4
15847,30,130,3,1,3,0,0,0,1,46728,1327.0,2.5,51200,4.0,12,5
15859,9,69,2,1,3,0,1,0,12,55845,831.0,1.5,29939,4.0,4,5
15869,22,139,3,1,3,2,0,0,7,43592,0.0,2.0,70000,4.0,12,5
15870,13,150,3,1,3,0,1,0,10,3293,1277.0,2.4,57618,4.0,12,5
15876,27,50,7,1,3,0,0,0,12,14426,1077.0,2.0,1275,4.0,12,4
15890,30,23,3,1,3,0,1,0,14,29793,1077.0,2.0,4330,4.0,12,4
15946,9,41,7,1,3,0,1,0,1,53185,1079.0,2.0,38639,4.0,4,5
15951,10,61,7,1,3,0,1,0,2,33575,880.0,1.6,65734,4.0,4,5
15972,10,163,3,1,0,0,1,0,12,43714,930.0,1.7,38945,4.0,4,5
16027,30,23,3,1,3,0,1,0,11,5488,1077.0,2.0,78424,4.0,12,4
16028,30,30,7,1,1,0,1,0,1,9722,609.0,2.5,127515,4.0,12,5
16062,30,23,3,1,3,0,1,0,12,470,1077.0,2.0,10610,4.0,12,4
16131,10,90,8,1,0,0,1,0,12,45436,1327.0,2.5,45535,4.0,4,5
16171,30,30,7,0,3,2,1,0,14,28225,1327.0,2.5,142000,4.0,12,5
16208,30,127,2,0,1,0,1,0,7,31047,400.0,1.5,10000,4.0,8,5
16218,10,149,3,1,3,0,1,0,1,9565,1275.0,2.4,1446,4.0,12,4
16275,30,30,7,1,1,0,1,0,1,251,607.0,2.5,39552,4.0,12,4
16278,30,30,7,1,1,0,1,0,1,9722,609.0,2.5,127515,4.0,12,5
16296,22,145,7,1,3,0,1,0,14,4391,980.0,1.8,16574,4.0,12,5
16331,10,163,3,1,3,0,1,0,7,65015,1077.0,2.0,6770,4.0,4,4
16413,10,61,7,1,3,0,1,0,1,3293,1076.0,2.0,261,4.0,12,3
16420,13,20,7,1,3,0,2,0,12,16308,1079.0,2.0,56288,4.0,12,5
16479,27,50,8,1,3,3,0,0,8,21953,1079.0,2.0,30400,4.0,10,5
16483,10,143,3,1,3,0,1,0,7,87927,1076.0,2.0,5900,4.0,4,3
16573,26,15,3,1,0,0,1,0,14,43952,880.0,1.6,73548,4.0,4,5
16616,2,39,7,1,3,0,1,0,12,6586,1325.0,2.5,10392,4.0,12,4
16635,10,149,7,1,3,0,1,0,14,55343,1079.0,2.0,42563,4.0,4,5
16651,30,130,7,1,3,0,1,0,1,27911,1327.0,2.5,28784,4.0,12,5
16660,4,53,7,0,3,0,1,0,1,15524,781.0,1.4,21786,4.0,8,5
16698,30,30,7,1,3,2,1,0,1,68053,0.0,2.5,40000,4.0,12,5
16749,10,61,7,1,3,0,1,0,7,1176,1077.0,2.0,16013,4.0,12,4
16770,13,114,3,1,1,0,1,0,12,12701,420.0,1.6,429,4.0,12,4
16771,10,149,7,1,3,0,1,0,7,1803,1277.0,2.4,11314,4.0,12,5
16797,30,18,2,1,3,0,1,0,14,36997,830.0,1.5,2598,4.0,4,4
16838,10,163,3,1,0,0,1,0,14,53154,930.0,1.7,79550,4.0,4,5
16841,10,143,3,1,3,0,1,0,14,118676,1968.0,3.8,24074,4.0,4,4
16885,5,133,7,1,3,0,2,0,1,7527,2913.0,5.7,91843,8.0,12,5
16888,9,41,7,1,3,0,1,0,7,49848,1077.0,2.0,20700,4.0,4,4
16952,10,61,7,1,3,0,1,0,14,33575,880.0,1.6,53871,4.0,4,5
16955,22,145,7,1,3,0,1,0,7,470,978.0,1.8,12179,4.0,12,4
16984,4,93,7,1,3,0,1,0,12,3293,1872.0,3.6,71194,6.0,12,5
16988,30,30,7,1,1,0,1,0,1,251,607.0,2.5,39552,4.0,12,4
16990,30,45,7,1,3,0,1,0,1,2352,980.0,1.8,31176,4.0,12,5
17023,10,149,7,1,3,0,1,0,1,62992,1079.0,2.0,72913,4.0,4,5
17034,30,130,3,0,3,0,1,0,1,47042,1327.0,2.5,15000,4.0,2,5
17047,7,71,7,1,3,0,1,0,7,3763,879.0,1.6,47736,4.0,12,4
17079,7,71,7,0,3,2,1,0,1,22200,879.0,1.6,8200,4.0,10,4
17080,30,30,3,1,1,0,1,0,1,251,607.0,2.5,56834,4.0,12,4
17087,4,51,1,1,3,0,1,0,14,470,781.0,1.4,87568,4.0,12,5
17096,10,163,3,1,0,0,1,0,14,47201,930.0,1.7,85610,4.0,4,5
17124,30,130,3,1,1,0,0,0,14,46101,607.0,2.5,20955,4.0,12,4
17146,30,30,7,1,1,0,1,0,14,18817,609.0,2.5,35058,4.0,12,5
17197,10,61,7,1,3,0,1,0,11,31581,880.0,1.6,52000,4.0,4,5
17201,10,61,7,1,3,0,1,0,7,1176,1077.0,2.0,16013,4.0,12,4
17216,10,163,3,1,0,0,1,0,7,52856,930.0,1.7,18137,4.0,4,5
17232,30,30,7,1,1,0,1,0,1,251,607.0,2.5,39552,4.0,12,4
17272,12,40,7,1,3,0,1,0,9,12231,1671.0,3.2,33418,6.0,12,4
17277,7,65,7,1,3,0,1,0,14,2587,1079.0,2.0,76403,4.0,12,5
17278,7,136,6,1,0,0,0,0,7,90947,0.0,3.2,11000,5.0,8,4
17286,10,61,7,1,3,0,1,0,14,34074,880.0,1.6,58515,4.0,4,5
17304,30,30,7,1,1,3,1,0,1,59586,609.0,2.5,18200,4.0,8,5
17384,22,138,3,0,3,0,0,0,14,39201,1327.0,2.5,12000,4.0,8,5
17406,4,42,6,1,3,0,1,0,7,93079,1866.0,3.6,3510,4.0,4,3
17407,30,23,3,1,3,0,1,0,12,549,1079.0,2.0,46733,4.0,12,5
17414,19,140,2,1,3,0,0,0,14,15994,2070.0,4.0,40110,8.0,12,5
17426,4,35,3,1,0,0,1,0,1,52034,1079.0,2.0,19698,4.0,4,5
17561,10,149,7,1,1,0,1,0,14,8154,503.0,2.0,17768,4.0,12,4
17566,30,46,7,0,3,3,1,0,1,135,0.0,1.6,18,4.0,12,4
17570,4,118,3,1,0,0,1,0,14,46251,880.0,1.6,19000,4.0,4,5
17651,13,114,3,1,1,0,1,0,14,251,421.0,1.6,22915,4.0,12,5
17666,30,105,3,0,0,0,0,0,14,109764,1575.0,3.0,27000,6.0,6,5
17710,30,30,7,1,3,0,1,0,12,470,1325.0,2.5,45880,4.0,12,4
17733,10,143,3,1,0,0,1,0,1,65996,1079.0,2.0,28000,4.0,4,5
17735,10,143,7,1,3,0,1,0,14,549,1723.0,3.3,66517,6.0,12,5
17779,19,153,4,0,3,1,2,0,0,300,0.0,0.1,0,1.0,0,3
17796,21,122,3,1,3,0,1,0,11,31204,1079.0,2.0,36534,5.0,12,5
17808,30,23,3,1,1,0,1,1,14,24000,2265.0,1.5,6000,4.0,8,4
17816,30,126,2,1,1,0,1,0,1,6429,463.0,1.8,0,4.0,12,5
17819,4,118,3,1,2,0,1,0,7,26594,1079.0,2.0,140070,4.0,4,5
17859,10,149,7,1,3,0,1,0,7,70678,1079.0,2.0,34704,4.0,4,5
17938,1,5,7,1,3,0,0,0,1,2666,1079.0,2.0,25323,4.0,12,5
17962,19,84,3,1,3,2,0,0,14,136000,1575.0,3.0,99000,6.0,10,5
17970,12,43,7,1,3,0,1,0,1,1333,1275.0,2.4,29278,4.0,12,4
17971,30,180,7,1,3,0,1,0,7,627,831.0,1.5,42224,4.0,12,5
18011,30,30,7,1,1,0,1,0,14,18817,609.0,2.5,35058,4.0,12,5
18018,12,40,3,1,0,0,0,0,7,127000,0.0,3.0,26713,6.0,12,5
18047,13,117,3,1,3,0,1,0,11,15994,1275.0,2.4,11213,4.0,12,4
18115,4,35,3,1,0,0,1,0,1,50560,1079.0,2.0,37691,4.0,4,5
18116,10,61,7,1,3,0,1,0,14,30931,880.0,1.6,35798,4.0,4,5
18164,10,149,7,1,3,0,1,0,2,57990,1079.0,2.0,13715,4.0,4,5
18202,4,51,7,0,3,0,1,0,1,15053,781.0,1.4,0,4.0,0,5
18203,30,23,3,1,3,0,1,0,7,392,1079.0,2.0,22816,4.0,12,5
18231,30,103,3,1,0,0,0,0,1,131716,0.0,3.0,59826,4.0,12,5
18262,30,30,7,1,1,0,1,0,1,251,607.0,2.5,39552,4.0,12,4
18264,30,30,7,1,1,0,1,0,1,9722,609.0,2.5,127515,4.0,12,5
18291,10,163,3,1,3,0,1,0,12,55678,880.0,1.6,19961,4.0,4,5
18298,10,61,7,1,3,0,1,0,12,14740,1077.0,2.0,27368,4.0,12,4
18311,30,23,3,1,3,0,1,0,7,188,1079.0,2.0,23150,4.0,12,5
18364,10,149,7,1,3,0,1,0,14,41553,1079.0,2.0,16922,4.0,4,5
18366,13,114,7,1,1,0,1,0,11,706,420.0,1.6,2942,4.0,12,4
18376,10,143,3,1,0,0,1,0,7,100060,1176.0,2.2,13835,4.0,4,4
18389,13,150,3,1,0,0,1,0,14,79971,1178.0,2.2,47047,4.0,4,5
18397,30,180,7,1,3,0,1,0,14,4861,830.0,1.5,27656,4.0,12,4
18400,30,30,7,1,1,2,1,0,7,72130,0.0,2.5,52000,4.0,10,5
18439,30,126,7,1,1,0,1,0,11,16308,463.0,1.8,16566,4.0,12,5
18454,30,30,7,1,3,0,1,0,2,11447,1327.0,2.5,31904,4.0,12,5
18460,4,108,7,1,3,2,1,0,7,33500,831.0,1.5,6500,4.0,10,5
18491,30,157,7,1,3,0,0,0,1,31675,1817.0,3.5,1669,6.0,12,3
18511,9,116,7,1,3,0,1,0,1,19757,1820.0,3.5,13994,6.0,12,4
18547,30,32,7,1,3,0,1,0,2,42337,1327.0,2.5,30606,4.0,10,5
18577,30,30,7,1,1,0,1,0,1,3450,607.0,2.5,9626,4.0,12,4
18585,12,137,7,1,3,0,1,0,2,5175,1277.0,2.4,80285,4.0,12,5
18602,30,157,7,1,3,0,2,0,12,31047,1820.0,3.5,17542,6.0,12,4
18617,9,41,2,1,3,0,1,0,1,60499,831.0,1.5,27244,4.0,4,5
18645,30,157,7,1,3,0,0,0,1,26971,1820.0,3.5,18555,6.0,12,4
18663,30,23,3,1,3,0,1,0,11,27598,1079.0,2.0,18754,4.0,12,5
18681,10,61,7,1,3,0,1,0,14,34074,880.0,1.6,58515,4.0,4,5
18689,22,167,7,1,3,0,1,0,7,314,880.0,1.6,64757,4.0,12,5
18721,18,28,3,1,3,0,0,0,7,63349,1325.0,2.5,56590,4.0,12,4
18747,30,23,3,1,3,0,1,0,1,282,1077.0,2.0,3237,4.0,12,4
18762,30,30,7,1,1,0,1,0,1,3450,607.0,2.5,9626,4.0,12,4
18763,7,112,7,1,3,0,2,0,11,12858,1228.0,2.3,26642,4.0,12,5
18765,30,30,7,1,1,0,1,0,1,9722,609.0,2.5,127515,4.0,12,5
18767,30,30,7,1,3,0,1,0,1,470,1325.0,2.5,25816,4.0,12,4
18787,10,163,3,1,0,0,1,0,14,51523,930.0,1.7,22100,4.0,4,5
18794,10,61,7,1,3,0,1,0,14,19757,1077.0,2.0,9898,4.0,12,4
18813,22,168,7,0,3,0,1,0,12,15681,880.0,1.6,6487,4.0,6,5
18815,7,66,3,1,3,0,1,0,7,111002,1228.0,2.3,30475,4.0,4,5
18853,30,30,7,1,3,2,1,0,1,57077,0.0,2.5,19000,4.0,12,5
18893,30,157,7,1,3,0,2,0,12,31047,1820.0,3.5,17542,6.0,12,4
19014,10,149,7,1,2,0,1,0,8,12231,1079.0,2.0,316200,4.0,4,5
19025,9,70,2,0,3,0,1,0,14,18817,830.0,1.5,1532,4.0,8,4
19028,30,23,3,1,3,0,1,0,11,5488,1077.0,2.0,78424,4.0,12,4
19049,10,61,7,1,0,0,1,0,1,22894,880.0,1.6,20753,4.0,4,5
19062,30,30,7,1,3,2,1,0,14,51432,1327.0,2.5,62400,4.0,11,5
19065,30,23,3,1,3,0,1,0,14,6586,1077.0,2.0,19968,4.0,12,4
19071,30,130,7,1,3,0,1,0,7,784,1327.0,2.5,59158,4.0,12,5
19085,16,113,3,1,3,2,1,0,14,97219,1079.0,2.0,25600,4.0,7,5
19111,20,48,2,1,3,2,1,0,14,51118,1079.0,2.0,4093,4.0,12,5
19120,27,50,7,1,3,0,0,0,2,7213,1077.0,2.0,6384,4.0,12,4
19121,10,143,3,1,3,0,1,0,2,88438,1076.0,2.0,12334,4.0,4,3
19155,9,75,5,0,1,0,1,1,7,24000,2266.0,1.5,19000,4.0,0,5
19157,13,20,7,1,3,0,1,0,2,3607,1077.0,2.0,23474,4.0,12,4
19180,10,149,7,1,2,0,1,0,12,63886,1076.0,2.0,5305,4.0,4,3
19182,30,30,7,1,1,0,1,0,1,9722,609.0,2.5,127515,4.0,12,5
19196,10,61,7,1,3,0,1,0,11,7997,1079.0,2.0,21090,4.0,12,5
